
CA A Was 7thStMetCen
CA A UniSta APUCitCol
CA B NHol UniSta
CA C AviLAX HarFwy
CA D WilWes UniSta
CA E ExpoPkUSC 7thStMetCen
CA E *OldGoldLn Atl
CA SanBerLn CalStaLA Cla

CA BlueLn SanYsiTC SanFeDep
CA GreLn 12thImpTC SanTownCen
CA OraLn Cou ArnAve
CA Spr Oce VisTC
CA Coa SanFeDep Oce

CA BARTBlue Emb SanLea
CA BARTGre Col WarmSpr
CA BARTOra WarmSpr Mac
CA BARTYel Emb Roc
CA MuniF MaiDru GreSt
CA MuniM VanNess Emb
CA MuniN Emb Fol

CA SRTBlue 13thSt Arc
CA SRTGold SacValSta 13thSt
CA SRTGre 13thSt 7thRic

CA PS Oce +DIV_Uni1
CA PS UniSta +DIV_Uni2

DC DCSC UniSta OklAve
VA BluLn FraSpr MD BluLn DowLar
MD GreLnSui BraAve MD GreLn Gre
VA OraLn VieFaiGMU MD OraLn NewCar
MD RedLn ShaGro MD RedLnGle Gle
VA SilLn WieResE MD SilLn LarTownCen
VA YelLn Hun DC YelLn DC/MD

IL BlueLn OHa Ros

MA BluLn Won Bow
MA OraLn ForHil OakGro
MA RedLn Ash Ale
MA RedLnBra Bra Ale
MA GreLnB BosCol GovCen
MA GreLnC CleCir GovCen
MA GreLnD Riv UniSq
MA GreLnE HeathSt MedTuf
MA RedLnM Ash Mat
MA HavLn BosNor MalCen
MA NewLn BosNor Che

MI QLn GraBlvd ConSt
MI DetPeoMov Mic_S Mic_N

MO KCSC UniSta CityMar
MO KCSC RivMarW RivMar

NV LVM BalParLV Har/Linq
NV AE ParkMGM Bel
NV MBT ManBay ExcNor

NY 1 59StColCir SouFry
NY 4 161StYanSta AtlAveBarCen
NY 7 34StHudYar FluMainSt
NY A 14St BroJct
NY B 59StColCir AtlAveBarCen
NY G CouSq 4Ave
NY J BroSt SutBlvdArcAve
NY L 8Ave CanRocPkwy
NY M MyrWycAves BroLafSt
NY Q 96St +DIV_R/W
NY R LexAve59St BayRid95St
NY S42 TimSq GraCen
NY SIR StGeo Elt
NJ PATHJ33 JouSq NY PATHJ33 14St
NJ PATHNWT NewPenn JouSq
NY BabBra PennSta Jam

OK BriLoop SciPark_N MyrGar
OK BriLoop Bal SciPark_S
OK DowLoop Lib FedCou
OK DowLoop MemMus MicMan

OR BlueLn BeaTraCen Hol42ndAve
OR GreLn PSUSou RoseQuaTraCen
OR OraLn UniStaGliSt Park
OR RedLn BeaTraCen Hol42ndAve
OR YelLn PSUSouCol DelParkVan
OR NSLn BondLane +DIV_Wat
OR NSLn 5thMon Joh_S
OR NSLn +DIV_Lov_S +DIV_Nor
OR NSLn +DIV_Lov_N Joh_N

TX CapMetRail How PlaSal
TX BlueLn UniSta StPaul
TX RedLn Ham +DIV_Blue_N
TX DalStr Gre Uni
TX MLnTro CityPlaNob_W FedHar

UT GreLn CityCen Air

WA 1 Nor AngLake
WA 2 SBel RedTec
WA N Eve Sea
WA S Sea Lak
WA T TacDome StJos
WA SeaCenMon SeaCen WesCen
WA 1stHillLn BroDen OccMall
WA SouLakeUniLn FaiCamDr WesHub

WA AC TacDome WA AC Eve
WA AC +DIV_Emp BC AC VanPacCen
WA CS OlyLac SeaKingSt
WA EBSea SeaKingSt MT EBSea Whi

AB BlueLn 69thSt Sad
AB RedLn Sun VicParkSta

AB CapLn CenPark Cla
AB MetLn HeaSciJub NAITBlaMar

BC CanLn Wat YVRAir
BC CanLnRic Wat RicBri
BC ExpoLn Wat KingGeo
BC ExpoLnPro Wat ProWayUni
BC MilLn VCCCla LafLakeDou
BC WestCoaExp CoqCen Wat

ON TrilLine #Trillium Line (Ottawa)

ON 1 VauMetCen Fin
ON 2 Kip Ken
ON 4 SheYon DonMil
ON KT Blo Uni
ON LE Uni Pic
ON 501 JohnSt YonSt
ON 506 AugAve Col
ON 509 BilBisAir SpaAve
ON 510 SpaSta QueQuayLp
ON 511 BatSta ExhLp

ON TorOtt Fal Ott

QC BluLn Sno SaiMic
QC GreLn Ang HonBea
QC OraLn CoteVer Mon
QC YelLn BerUQAM LonUniDeShe
QC MainLn GarCen Bro

ON OttQue Ott QC OttQue +DIV_Mon_W
QC OttQue Mon QC OttQue +DIV_Mon_E
QC OttQue Cha QC OttQue +DIV_Cha
